388,Longest Absolute File Path,41.8%,Medium,0.09792469558666919, https://leetcode.com/problems/longest-absolute-file-path
900,RLE Iterator,53.5%,Medium,0.08010604232504882, https://leetcode.com/problems/rle-iterator
616,Add Bold Tag in String,43.1%,Medium,0.05421381659414747, https://leetcode.com/problems/add-bold-tag-in-string
695,Max Area of Island,62.7%,Medium,0.028321590863246118, https://leetcode.com/problems/max-area-of-island
96,Unique Binary Search Trees,52.9%,Medium,0.02067613283842731, https://leetcode.com/problems/unique-binary-search-trees
37,Sudoku Solver,43.6%,Hard,0.01821543989134118, https://leetcode.com/problems/sudoku-solver
314,Binary Tree Vertical Order Traversal,45.3%,Medium,0.018010392274465332, https://leetcode.com/problems/binary-tree-vertical-order-traversal
239,Sliding Window Maximum,43.0%,Hard,0.01768566434627554, https://leetcode.com/problems/sliding-window-maximum
340,Longest Substring with At Most K Distinct Characters,44.1%,Hard,0.016122880486563188, https://leetcode.com/problems/longest-substring-with-at-most-k-distinct-characters
528,Random Pick with Weight,43.9%,Medium,0.014831565905995232, https://leetcode.com/problems/random-pick-with-weight
41,First Missing Positive,32.0%,Hard,0.014368063266920193, https://leetcode.com/problems/first-missing-positive
172,Factorial Trailing Zeroes,37.8%,Easy,0.012326812480658571, https://leetcode.com/problems/factorial-trailing-zeroes
153,Find Minimum in Rotated Sorted Array,45.1%,Medium,0.008430963288799368, https://leetcode.com/problems/find-minimum-in-rotated-sorted-array
6,ZigZag Conversion,36.3%,Medium,0.0077116248757144665, https://leetcode.com/problems/zigzag-conversion
200,Number of Islands,46.8%,Medium,0.006490251382779317, https://leetcode.com/problems/number-of-islands
64,Minimum Path Sum,54.5%,Medium,0.006127470152097104, https://leetcode.com/problems/minimum-path-sum
207,Course Schedule,43.1%,Medium,0.004964021114211758, https://leetcode.com/problems/course-schedule
155,Min Stack,44.5%,Easy,0.00474891074128171, https://leetcode.com/problems/min-stack
23,Merge k Sorted Lists,40.2%,Hard,0.004051459000748015, https://leetcode.com/problems/merge-k-sorted-lists
49,Group Anagrams,56.9%,Medium,0.0038040939835560453, https://leetcode.com/problems/group-anagrams
