845,Longest Mountain in Array,37.2%,Medium,0.24328831528748193, https://leetcode.com/problems/longest-mountain-in-array
900,RLE Iterator,53.5%,Medium,0.1884471502206373, https://leetcode.com/problems/rle-iterator
388,Longest Absolute File Path,41.8%,Medium,0.18128582392042256, https://leetcode.com/problems/longest-absolute-file-path
528,Random Pick with Weight,43.9%,Medium,0.16808800301828727, https://leetcode.com/problems/random-pick-with-weight
23,Merge k Sorted Lists,40.2%,Hard,0.15830321529243765, https://leetcode.com/problems/merge-k-sorted-lists
42,Trapping Rain Water,48.9%,Hard,0.10346205022559302, https://leetcode.com/problems/trapping-rain-water
314,Binary Tree Vertical Order Traversal,45.3%,Medium,0.07017345555905126, https://leetcode.com/problems/binary-tree-vertical-order-traversal
200,Number of Islands,46.8%,Medium,0.05694938541936198, https://leetcode.com/problems/number-of-islands
96,Unique Binary Search Trees,52.9%,Medium,0.056410171529350385, https://leetcode.com/problems/unique-binary-search-trees
616,Add Bold Tag in String,43.1%,Medium,0.05421381659414747, https://leetcode.com/problems/add-bold-tag-in-string
695,Max Area of Island,62.7%,Medium,0.04980799142417255, https://leetcode.com/problems/max-area-of-island
48,Rotate Image,56.7%,Medium,0.04495138786226632, https://leetcode.com/problems/rotate-image
56,Merge Intervals,39.3%,Medium,0.04173304225331761, https://leetcode.com/problems/merge-intervals
146,LRU Cache,33.2%,Medium,0.040660598211268925, https://leetcode.com/problems/lru-cache
239,Sliding Window Maximum,43.0%,Hard,0.031228142547585713, https://leetcode.com/problems/sliding-window-maximum
64,Minimum Path Sum,54.5%,Medium,0.024287775531756203, https://leetcode.com/problems/minimum-path-sum
49,Group Anagrams,56.9%,Medium,0.02354157682187747, https://leetcode.com/problems/group-anagrams
128,Longest Consecutive Sequence,45.1%,Hard,0.020252717433212362, https://leetcode.com/problems/longest-consecutive-sequence
155,Min Stack,44.5%,Easy,0.01886181109797383, https://leetcode.com/problems/min-stack
37,Sudoku Solver,43.6%,Hard,0.01821543989134118, https://leetcode.com/problems/sudoku-solver
6,ZigZag Conversion,36.3%,Medium,0.01726827253226344, https://leetcode.com/problems/zigzag-conversion
340,Longest Substring with At Most K Distinct Characters,44.1%,Hard,0.016122880486563188, https://leetcode.com/problems/longest-substring-with-at-most-k-distinct-characters
153,Find Minimum in Rotated Sorted Array,45.1%,Medium,0.014939586916186732, https://leetcode.com/problems/find-minimum-in-rotated-sorted-array
41,First Missing Positive,32.0%,Hard,0.014368063266920193, https://leetcode.com/problems/first-missing-positive
1,Two Sum,45.6%,Easy,0.013049691753224608, https://leetcode.com/problems/two-sum
172,Factorial Trailing Zeroes,37.8%,Easy,0.012326812480658571, https://leetcode.com/problems/factorial-trailing-zeroes
125,Valid Palindrome,36.7%,Easy,0.008933948641551634, https://leetcode.com/problems/valid-palindrome
207,Course Schedule,43.1%,Medium,0.004964021114211758, https://leetcode.com/problems/course-schedule
560,Subarray Sum Equals K,43.9%,Medium,0.004279454482267064, https://leetcode.com/problems/subarray-sum-equals-k
2,Add Two Numbers,33.9%,Medium,0.0016886191111440908, https://leetcode.com/problems/add-two-numbers
781,Rabbits in Forest,54.5%,Medium,0, https://leetcode.com/problems/rabbits-in-forest
1193,Monthly Transactions I,68.3%,Medium,0, https://leetcode.com/problems/monthly-transactions-i
1205,Monthly Transactions II,45.0%,Medium,0, https://leetcode.com/problems/monthly-transactions-ii
